training,gs://bdcc_open_images_dataset/images/4baf8cd98faba289.jpg,Bull
training,gs://bdcc_open_images_dataset/images/e37f07965e61f38c.jpg,Bull
training,gs://bdcc_open_images_dataset/images/afa3079b8307d1d7.jpg,Bull
training,gs://bdcc_open_images_dataset/images/8c389a609028f1e0.jpg,Bull
training,gs://bdcc_open_images_dataset/images/5bd9deffc58921be.jpg,Bull
training,gs://bdcc_open_images_dataset/images/c92b7a4d9d48926d.jpg,Bull
training,gs://bdcc_open_images_dataset/images/92a32ad01530f54d.jpg,Bull
training,gs://bdcc_open_images_dataset/images/b39cbec447cd153c.jpg,Bull
training,gs://bdcc_open_images_dataset/images/d4a12f39f0c09788.jpg,Bull
training,gs://bdcc_open_images_dataset/images/d405aa60cca1eaff.jpg,Bull
training,gs://bdcc_open_images_dataset/images/495161382befbbcb.jpg,Bull
training,gs://bdcc_open_images_dataset/images/1dde631324a6d329.jpg,Bull
training,gs://bdcc_open_images_dataset/images/9cd8725a3b937c09.jpg,Bull
training,gs://bdcc_open_images_dataset/images/86401ad43b4f7652.jpg,Bull
training,gs://bdcc_open_images_dataset/images/fffc6543b32da1dd.jpg,Bull
training,gs://bdcc_open_images_dataset/images/10a36a0e29c23c70.jpg,Bull
training,gs://bdcc_open_images_dataset/images/ffce46ce278e7579.jpg,Bull
training,gs://bdcc_open_images_dataset/images/7ff2a62d8cd5d0ad.jpg,Bull
training,gs://bdcc_open_images_dataset/images/fc137b37d8c977f4.jpg,Bull
training,gs://bdcc_open_images_dataset/images/6f6a3502764f8ca2.jpg,Bull
training,gs://bdcc_open_images_dataset/images/5eb01f9bdae4a5d3.jpg,Bull
training,gs://bdcc_open_images_dataset/images/5648bde7fdfd9766.jpg,Bull
training,gs://bdcc_open_images_dataset/images/f0f06588c68d04da.jpg,Bull
training,gs://bdcc_open_images_dataset/images/d339c39a4c501b18.jpg,Bull
training,gs://bdcc_open_images_dataset/images/98ef2df73dc488e8.jpg,Bull
training,gs://bdcc_open_images_dataset/images/4e30f75839fae913.jpg,Bull
training,gs://bdcc_open_images_dataset/images/249c7ead57a65640.jpg,Bull
training,gs://bdcc_open_images_dataset/images/7efd9c3dba023ee9.jpg,Bull
training,gs://bdcc_open_images_dataset/images/1a04c4ed30eee935.jpg,Bull
training,gs://bdcc_open_images_dataset/images/6cf42e1eff41dd3d.jpg,Bull
training,gs://bdcc_open_images_dataset/images/df24830ae1b2fd13.jpg,Bull
training,gs://bdcc_open_images_dataset/images/f8026ea33c54be8b.jpg,Bull
training,gs://bdcc_open_images_dataset/images/a21754bb8bdade67.jpg,Bull
training,gs://bdcc_open_images_dataset/images/220effd28096ff0f.jpg,Bull
training,gs://bdcc_open_images_dataset/images/db593a5fa38b8b9d.jpg,Bull
training,gs://bdcc_open_images_dataset/images/56107dc511048e9a.jpg,Bull
training,gs://bdcc_open_images_dataset/images/6446325073d9c356.jpg,Bull
training,gs://bdcc_open_images_dataset/images/0e4fe4175fe7025e.jpg,Bull
training,gs://bdcc_open_images_dataset/images/7a90f08663383481.jpg,Bull
training,gs://bdcc_open_images_dataset/images/56532d6cffe0c917.jpg,Bull
training,gs://bdcc_open_images_dataset/images/591f0f9c5c0dade6.jpg,Bull
training,gs://bdcc_open_images_dataset/images/87aab3b88de698f3.jpg,Bull
training,gs://bdcc_open_images_dataset/images/98727e4187d609e1.jpg,Bull
training,gs://bdcc_open_images_dataset/images/0e2004910f2bf847.jpg,Bull
training,gs://bdcc_open_images_dataset/images/0d20be77c7bb4b7e.jpg,Bull
training,gs://bdcc_open_images_dataset/images/54c8cfbca2fcaba1.jpg,Bull
training,gs://bdcc_open_images_dataset/images/0556311d37e3ebd9.jpg,Bull
training,gs://bdcc_open_images_dataset/images/b958a1ca7d2bf540.jpg,Bull
training,gs://bdcc_open_images_dataset/images/85e93a9c61f4e7f7.jpg,Bull
training,gs://bdcc_open_images_dataset/images/ed97f8cc0c006df8.jpg,Bull
training,gs://bdcc_open_images_dataset/images/8c2905d5881ac303.jpg,Bull
training,gs://bdcc_open_images_dataset/images/f3704c2cf1a10da7.jpg,Bull
training,gs://bdcc_open_images_dataset/images/551c13595d987201.jpg,Bull
training,gs://bdcc_open_images_dataset/images/a15a5d4a704d504c.jpg,Bull
training,gs://bdcc_open_images_dataset/images/b14d827d821c1d9e.jpg,Bull
training,gs://bdcc_open_images_dataset/images/fa178386b606c4e2.jpg,Bull
training,gs://bdcc_open_images_dataset/images/ec3e18e28dffaae2.jpg,Bull
training,gs://bdcc_open_images_dataset/images/7baa166f67a3a475.jpg,Bull
training,gs://bdcc_open_images_dataset/images/535e2ee3a70f19ca.jpg,Bull
training,gs://bdcc_open_images_dataset/images/7836e79ccd8a924a.jpg,Bull
training,gs://bdcc_open_images_dataset/images/1bfd365238e1fedd.jpg,Bull
training,gs://bdcc_open_images_dataset/images/284c4d158b331f31.jpg,Bull
training,gs://bdcc_open_images_dataset/images/31704c4bf3f82eae.jpg,Bull
training,gs://bdcc_open_images_dataset/images/1506e28a14198d7a.jpg,Bull
training,gs://bdcc_open_images_dataset/images/6582ec2c7ed1361a.jpg,Bull
training,gs://bdcc_open_images_dataset/images/84e2af250761d159.jpg,Bull
training,gs://bdcc_open_images_dataset/images/7b1778bedfccaec1.jpg,Bull
training,gs://bdcc_open_images_dataset/images/c3885c1077e6d103.jpg,Bull
training,gs://bdcc_open_images_dataset/images/d9d1326a08756178.jpg,Bull
training,gs://bdcc_open_images_dataset/images/553a103ab71e5ae0.jpg,Bull
training,gs://bdcc_open_images_dataset/images/82491249a052c78a.jpg,Bull
training,gs://bdcc_open_images_dataset/images/fe438b6c53fed113.jpg,Bull
training,gs://bdcc_open_images_dataset/images/c6737278e2845421.jpg,Bull
training,gs://bdcc_open_images_dataset/images/210734f80256d6a4.jpg,Bull
training,gs://bdcc_open_images_dataset/images/240d2e0a9b4cc7b0.jpg,Bull
training,gs://bdcc_open_images_dataset/images/f952ecc795233e69.jpg,Bull
training,gs://bdcc_open_images_dataset/images/aed3da55e0bc6852.jpg,Bull
training,gs://bdcc_open_images_dataset/images/8946e4b6f78cbc6b.jpg,Bull
training,gs://bdcc_open_images_dataset/images/edc4a6975f85f614.jpg,Bull
training,gs://bdcc_open_images_dataset/images/79a5b1614a2dd857.jpg,Bull
validation,gs://bdcc_open_images_dataset/images/ec60464e3341a338.jpg,Bull
validation,gs://bdcc_open_images_dataset/images/69ba5e35347bd4ee.jpg,Bull
validation,gs://bdcc_open_images_dataset/images/628c2b7421525cd2.jpg,Bull
validation,gs://bdcc_open_images_dataset/images/c11d9d6049d76709.jpg,Bull
validation,gs://bdcc_open_images_dataset/images/7acd537899757296.jpg,Bull
validation,gs://bdcc_open_images_dataset/images/0a0224155926e572.jpg,Bull
validation,gs://bdcc_open_images_dataset/images/3a75198b0dffb389.jpg,Bull
validation,gs://bdcc_open_images_dataset/images/245458df2777df9d.jpg,Bull
validation,gs://bdcc_open_images_dataset/images/9c53ba2dcc734b28.jpg,Bull
validation,gs://bdcc_open_images_dataset/images/a3a80879c9a170c6.jpg,Bull
test,gs://bdcc_open_images_dataset/images/27f6112d6d25196d.jpg,Bull
test,gs://bdcc_open_images_dataset/images/635934d669e4a31f.jpg,Bull
test,gs://bdcc_open_images_dataset/images/a35b8543507acdd2.jpg,Bull
test,gs://bdcc_open_images_dataset/images/31c66704f5623e96.jpg,Bull
test,gs://bdcc_open_images_dataset/images/61b38cf56f354df5.jpg,Bull
test,gs://bdcc_open_images_dataset/images/001341ae9926808d.jpg,Bull
test,gs://bdcc_open_images_dataset/images/db53bb191ee981f6.jpg,Bull
test,gs://bdcc_open_images_dataset/images/45b88fb978d91d15.jpg,Bull
test,gs://bdcc_open_images_dataset/images/4c49b7869de54d32.jpg,Bull
test,gs://bdcc_open_images_dataset/images/788d8ef42e204654.jpg,Bull
training,gs://bdcc_open_images_dataset/images/aea783309ba19025.jpg,Butterfly
training,gs://bdcc_open_images_dataset/images/e7c6bd573b89770a.jpg,Butterfly
training,gs://bdcc_open_images_dataset/images/a7c755b32d11ad02.jpg,Butterfly
training,gs://bdcc_open_images_dataset/images/dc10edac493b16a2.jpg,Butterfly
training,gs://bdcc_open_images_dataset/images/3627feaef77531cd.jpg,Butterfly
training,gs://bdcc_open_images_dataset/images/722f6770ad49110a.jpg,Butterfly
training,gs://bdcc_open_images_dataset/images/bf4ff9ac9e2e860e.jpg,Butterfly
training,gs://bdcc_open_images_dataset/images/3ef40a842efd6cda.jpg,Butterfly
training,gs://bdcc_open_images_dataset/images/330861ab904db90e.jpg,Butterfly
training,gs://bdcc_open_images_dataset/images/71d1ca8e46314676.jpg,Butterfly
training,gs://bdcc_open_images_dataset/images/736d05a2f04971d1.jpg,Butterfly
training,gs://bdcc_open_images_dataset/images/59221933d2269286.jpg,Butterfly
training,gs://bdcc_open_images_dataset/images/e6428aa2793efcab.jpg,Butterfly
training,gs://bdcc_open_images_dataset/images/2ca1c6097e06ec8a.jpg,Butterfly
training,gs://bdcc_open_images_dataset/images/f1d43b513fc11916.jpg,Butterfly
training,gs://bdcc_open_images_dataset/images/7f857adda22c844b.jpg,Butterfly
training,gs://bdcc_open_images_dataset/images/336eadd3732962f9.jpg,Butterfly
training,gs://bdcc_open_images_dataset/images/fc9e3d47bd77e50a.jpg,Butterfly
training,gs://bdcc_open_images_dataset/images/c585b1048468b4aa.jpg,Butterfly
training,gs://bdcc_open_images_dataset/images/ae26f5ae59132e7f.jpg,Butterfly
training,gs://bdcc_open_images_dataset/images/eb34c523bfde8c87.jpg,Butterfly
training,gs://bdcc_open_images_dataset/images/6e33b06fbfa32c80.jpg,Butterfly
training,gs://bdcc_open_images_dataset/images/549ecd12424c6f8b.jpg,Butterfly
training,gs://bdcc_open_images_dataset/images/376277227547ab4e.jpg,Butterfly
training,gs://bdcc_open_images_dataset/images/ca5c885f2570ae47.jpg,Butterfly
training,gs://bdcc_open_images_dataset/images/e34d2b60a155a2b2.jpg,Butterfly
training,gs://bdcc_open_images_dataset/images/98ff54513bba2950.jpg,Butterfly
training,gs://bdcc_open_images_dataset/images/8efde62415eb381b.jpg,Butterfly
training,gs://bdcc_open_images_dataset/images/ca357b5b965b1e9b.jpg,Butterfly
training,gs://bdcc_open_images_dataset/images/4673ecd77f4543dc.jpg,Butterfly
training,gs://bdcc_open_images_dataset/images/0716f55d7debe300.jpg,Butterfly
training,gs://bdcc_open_images_dataset/images/27f72e959ea8d576.jpg,Butterfly
training,gs://bdcc_open_images_dataset/images/5b643325542515f0.jpg,Butterfly
training,gs://bdcc_open_images_dataset/images/e19d221d9e22a49f.jpg,Butterfly
training,gs://bdcc_open_images_dataset/images/f568d20007ed0ffc.jpg,Butterfly
training,gs://bdcc_open_images_dataset/images/f6b315c4b0e73571.jpg,Butterfly
training,gs://bdcc_open_images_dataset/images/8db09e4fbcfcef3c.jpg,Butterfly
training,gs://bdcc_open_images_dataset/images/fea3ba65b8e136ec.jpg,Butterfly
training,gs://bdcc_open_images_dataset/images/08192d5cc57518d3.jpg,Butterfly
training,gs://bdcc_open_images_dataset/images/b7e581604eca6885.jpg,Butterfly
training,gs://bdcc_open_images_dataset/images/8419a712a72b381f.jpg,Butterfly
training,gs://bdcc_open_images_dataset/images/3f6fda0bbbff93c6.jpg,Butterfly
training,gs://bdcc_open_images_dataset/images/3275bab450450f46.jpg,Butterfly
training,gs://bdcc_open_images_dataset/images/38ff328a1a4ac4f6.jpg,Butterfly
training,gs://bdcc_open_images_dataset/images/161767f64d78b66f.jpg,Butterfly
training,gs://bdcc_open_images_dataset/images/ce45e2166588b4c3.jpg,Butterfly
training,gs://bdcc_open_images_dataset/images/affc84a4a8d9a5ce.jpg,Butterfly
training,gs://bdcc_open_images_dataset/images/5cf7ada370a0991f.jpg,Butterfly
training,gs://bdcc_open_images_dataset/images/fe391d05ab9daa0d.jpg,Butterfly
training,gs://bdcc_open_images_dataset/images/c08ae9de96f502a1.jpg,Butterfly
training,gs://bdcc_open_images_dataset/images/0e1a738c9228bbaa.jpg,Butterfly
training,gs://bdcc_open_images_dataset/images/b4b2cc29e0160573.jpg,Butterfly
training,gs://bdcc_open_images_dataset/images/66756b1f1a619fd5.jpg,Butterfly
training,gs://bdcc_open_images_dataset/images/fadb9eb5e24ae64b.jpg,Butterfly
training,gs://bdcc_open_images_dataset/images/1912c6cccf53b30f.jpg,Butterfly
training,gs://bdcc_open_images_dataset/images/f9149e11dedff45b.jpg,Butterfly
training,gs://bdcc_open_images_dataset/images/3e091b7d127033b8.jpg,Butterfly
training,gs://bdcc_open_images_dataset/images/3d8fd48a41e8b430.jpg,Butterfly
training,gs://bdcc_open_images_dataset/images/78ead33a0d5c07fe.jpg,Butterfly
training,gs://bdcc_open_images_dataset/images/d63af1d32420ad02.jpg,Butterfly
training,gs://bdcc_open_images_dataset/images/a4dfea72fc3140f9.jpg,Butterfly
training,gs://bdcc_open_images_dataset/images/0c4aaa96a8254e66.jpg,Butterfly
training,gs://bdcc_open_images_dataset/images/d0a0f3dc14858c17.jpg,Butterfly
training,gs://bdcc_open_images_dataset/images/5a22f3d920d6eed6.jpg,Butterfly
training,gs://bdcc_open_images_dataset/images/14e91e26ecadaa8e.jpg,Butterfly
training,gs://bdcc_open_images_dataset/images/42c8c754e1a5c51b.jpg,Butterfly
training,gs://bdcc_open_images_dataset/images/f6bc461ce9a7c881.jpg,Butterfly
training,gs://bdcc_open_images_dataset/images/b1f5c44caf0190f4.jpg,Butterfly
training,gs://bdcc_open_images_dataset/images/00b34a3601c1398a.jpg,Butterfly
training,gs://bdcc_open_images_dataset/images/6cb3211b31b2b71c.jpg,Butterfly
training,gs://bdcc_open_images_dataset/images/5efd5fa9fd81de0c.jpg,Butterfly
training,gs://bdcc_open_images_dataset/images/7398df0f8b497645.jpg,Butterfly
training,gs://bdcc_open_images_dataset/images/a4d5c48a0bffef1a.jpg,Butterfly
training,gs://bdcc_open_images_dataset/images/69a76ad77ea06ce6.jpg,Butterfly
training,gs://bdcc_open_images_dataset/images/b73a5db5152aab07.jpg,Butterfly
training,gs://bdcc_open_images_dataset/images/ad9c337524faff6b.jpg,Butterfly
training,gs://bdcc_open_images_dataset/images/f9c2d39369f0a398.jpg,Butterfly
training,gs://bdcc_open_images_dataset/images/7b7496e6ebd34965.jpg,Butterfly
training,gs://bdcc_open_images_dataset/images/39f874708acf6807.jpg,Butterfly
training,gs://bdcc_open_images_dataset/images/1a64b60641b25f34.jpg,Butterfly
validation,gs://bdcc_open_images_dataset/images/e7448db75746a2d7.jpg,Butterfly
validation,gs://bdcc_open_images_dataset/images/a5467a1a83f37d1b.jpg,Butterfly
validation,gs://bdcc_open_images_dataset/images/50b16878e779e34c.jpg,Butterfly
validation,gs://bdcc_open_images_dataset/images/532b6a445345fdc7.jpg,Butterfly
validation,gs://bdcc_open_images_dataset/images/7cdc180467b5125c.jpg,Butterfly
validation,gs://bdcc_open_images_dataset/images/8f55ae005e2b9424.jpg,Butterfly
validation,gs://bdcc_open_images_dataset/images/dee3e6b3a58b6849.jpg,Butterfly
validation,gs://bdcc_open_images_dataset/images/8a6aa07b964ef29e.jpg,Butterfly
validation,gs://bdcc_open_images_dataset/images/18ea670169234b7c.jpg,Butterfly
validation,gs://bdcc_open_images_dataset/images/98eb02e9f0e5cb0c.jpg,Butterfly
test,gs://bdcc_open_images_dataset/images/9d7bc547c235d974.jpg,Butterfly
test,gs://bdcc_open_images_dataset/images/af15c0abf3b6a0d8.jpg,Butterfly
test,gs://bdcc_open_images_dataset/images/6d6b22f2a70237d4.jpg,Butterfly
test,gs://bdcc_open_images_dataset/images/0c380be170720aa2.jpg,Butterfly
test,gs://bdcc_open_images_dataset/images/96e3e029ae0316ec.jpg,Butterfly
test,gs://bdcc_open_images_dataset/images/7025788ec57ae0f1.jpg,Butterfly
test,gs://bdcc_open_images_dataset/images/77f4e457f641e1a9.jpg,Butterfly
test,gs://bdcc_open_images_dataset/images/ce4455b23038621e.jpg,Butterfly
test,gs://bdcc_open_images_dataset/images/34cce31b3bb54cb4.jpg,Butterfly
test,gs://bdcc_open_images_dataset/images/a0f74cabac4490e9.jpg,Butterfly
training,gs://bdcc_open_images_dataset/images/9cc7c95ab9b6ec4b.jpg,Chicken
training,gs://bdcc_open_images_dataset/images/1245d58837d6af78.jpg,Chicken
training,gs://bdcc_open_images_dataset/images/df4a81c2acd2d86f.jpg,Chicken
training,gs://bdcc_open_images_dataset/images/be3e49b80af4e60c.jpg,Chicken
training,gs://bdcc_open_images_dataset/images/cc797dddbf40c206.jpg,Chicken
training,gs://bdcc_open_images_dataset/images/f6e2e32cee27e71a.jpg,Chicken
training,gs://bdcc_open_images_dataset/images/14f6e0abac25e540.jpg,Chicken
training,gs://bdcc_open_images_dataset/images/41b1d155155252d5.jpg,Chicken
training,gs://bdcc_open_images_dataset/images/d7b14e9a5f9f3439.jpg,Chicken
training,gs://bdcc_open_images_dataset/images/1ae560feac00939e.jpg,Chicken
training,gs://bdcc_open_images_dataset/images/73255feb9bba4e3c.jpg,Chicken
training,gs://bdcc_open_images_dataset/images/a30e5f62b630aba2.jpg,Chicken
training,gs://bdcc_open_images_dataset/images/8720cfd4fb4fa1cf.jpg,Chicken
training,gs://bdcc_open_images_dataset/images/65ed6abdf15bb5bb.jpg,Chicken
training,gs://bdcc_open_images_dataset/images/70e6c76dad29e20a.jpg,Chicken
training,gs://bdcc_open_images_dataset/images/a9bd5d5a09edcd2c.jpg,Chicken
training,gs://bdcc_open_images_dataset/images/9b021e285d010caa.jpg,Chicken
training,gs://bdcc_open_images_dataset/images/ff3a45fce6a841b5.jpg,Chicken
training,gs://bdcc_open_images_dataset/images/a597c9e65df09b29.jpg,Chicken
training,gs://bdcc_open_images_dataset/images/5464a5a7917797f4.jpg,Chicken
training,gs://bdcc_open_images_dataset/images/a9c69ecd1ac3cd8a.jpg,Chicken
training,gs://bdcc_open_images_dataset/images/cfcf6b9913f569be.jpg,Chicken
training,gs://bdcc_open_images_dataset/images/52ae7e28296af990.jpg,Chicken
training,gs://bdcc_open_images_dataset/images/610c02c44c720c8e.jpg,Chicken
training,gs://bdcc_open_images_dataset/images/800cac348495765c.jpg,Chicken
training,gs://bdcc_open_images_dataset/images/2f9d7db0b288fb7b.jpg,Chicken
training,gs://bdcc_open_images_dataset/images/bafdb20a11f4afc8.jpg,Chicken
training,gs://bdcc_open_images_dataset/images/c8f58f0d0ed95518.jpg,Chicken
training,gs://bdcc_open_images_dataset/images/16e942cd3f23c02f.jpg,Chicken
training,gs://bdcc_open_images_dataset/images/133f872b2512b109.jpg,Chicken
training,gs://bdcc_open_images_dataset/images/f4483efe072cd5d1.jpg,Chicken
training,gs://bdcc_open_images_dataset/images/066f4e7245ffecad.jpg,Chicken
training,gs://bdcc_open_images_dataset/images/1fa44e6f2cb4b2a0.jpg,Chicken
training,gs://bdcc_open_images_dataset/images/8661f2edba33f5ea.jpg,Chicken
training,gs://bdcc_open_images_dataset/images/a82aa4a99fa12623.jpg,Chicken
training,gs://bdcc_open_images_dataset/images/2991470c74b8299e.jpg,Chicken
training,gs://bdcc_open_images_dataset/images/d00847efb6c628bb.jpg,Chicken
training,gs://bdcc_open_images_dataset/images/b9ff39d8146e5b15.jpg,Chicken
training,gs://bdcc_open_images_dataset/images/2adf377ee3579a3c.jpg,Chicken
training,gs://bdcc_open_images_dataset/images/e76698614c0ebb8b.jpg,Chicken
training,gs://bdcc_open_images_dataset/images/9b6bc9e000ae3caa.jpg,Chicken
training,gs://bdcc_open_images_dataset/images/57a5b6049d288489.jpg,Chicken
training,gs://bdcc_open_images_dataset/images/da7297556b8c7ac3.jpg,Chicken
training,gs://bdcc_open_images_dataset/images/ab65119518adb6ff.jpg,Chicken
training,gs://bdcc_open_images_dataset/images/ebc67b03c8403f9c.jpg,Chicken
training,gs://bdcc_open_images_dataset/images/e454c458fd8a99df.jpg,Chicken
training,gs://bdcc_open_images_dataset/images/4b4efc3d97d6d878.jpg,Chicken
training,gs://bdcc_open_images_dataset/images/6958080342d89c4e.jpg,Chicken
training,gs://bdcc_open_images_dataset/images/8841f38273268a49.jpg,Chicken
training,gs://bdcc_open_images_dataset/images/b2c73e3e5c40a76a.jpg,Chicken
training,gs://bdcc_open_images_dataset/images/21bc68f567ac688a.jpg,Chicken
training,gs://bdcc_open_images_dataset/images/113203fb20cd17da.jpg,Chicken
training,gs://bdcc_open_images_dataset/images/a18eddc466ba52c4.jpg,Chicken
training,gs://bdcc_open_images_dataset/images/749e2c951c4b6a7a.jpg,Chicken
training,gs://bdcc_open_images_dataset/images/7e104b49d2d938de.jpg,Chicken
training,gs://bdcc_open_images_dataset/images/f744000312937b1c.jpg,Chicken
training,gs://bdcc_open_images_dataset/images/497a4a5c148680f1.jpg,Chicken
training,gs://bdcc_open_images_dataset/images/5affd97129e476dd.jpg,Chicken
training,gs://bdcc_open_images_dataset/images/9946887522acf42f.jpg,Chicken
training,gs://bdcc_open_images_dataset/images/d4f3296ecf3c8223.jpg,Chicken
training,gs://bdcc_open_images_dataset/images/604aebd7c960e588.jpg,Chicken
training,gs://bdcc_open_images_dataset/images/0a8a5aa471796fd5.jpg,Chicken
training,gs://bdcc_open_images_dataset/images/645a91b212a73d42.jpg,Chicken
training,gs://bdcc_open_images_dataset/images/0cc4722ca906f86c.jpg,Chicken
training,gs://bdcc_open_images_dataset/images/3c8c937a6b672c5f.jpg,Chicken
training,gs://bdcc_open_images_dataset/images/5e972eff804f4370.jpg,Chicken
training,gs://bdcc_open_images_dataset/images/63313d1b53990ee4.jpg,Chicken
training,gs://bdcc_open_images_dataset/images/43b5058beec85ee4.jpg,Chicken
training,gs://bdcc_open_images_dataset/images/665843d2606bf54e.jpg,Chicken
training,gs://bdcc_open_images_dataset/images/a6fec6b8f66791c8.jpg,Chicken
training,gs://bdcc_open_images_dataset/images/731d38b921b32d2c.jpg,Chicken
training,gs://bdcc_open_images_dataset/images/736605cc2d3d17f8.jpg,Chicken
training,gs://bdcc_open_images_dataset/images/acceaadbee8a73ee.jpg,Chicken
training,gs://bdcc_open_images_dataset/images/ec341c4dc3e6586f.jpg,Chicken
training,gs://bdcc_open_images_dataset/images/eb9c0dc5ca3ea626.jpg,Chicken
training,gs://bdcc_open_images_dataset/images/6af69ec1aa5723d6.jpg,Chicken
training,gs://bdcc_open_images_dataset/images/8f117fdca46579b4.jpg,Chicken
training,gs://bdcc_open_images_dataset/images/68fe0a55028bc7cb.jpg,Chicken
training,gs://bdcc_open_images_dataset/images/0e9be8b09f71f909.jpg,Chicken
training,gs://bdcc_open_images_dataset/images/03bc7fbc956b3a9a.jpg,Chicken
validation,gs://bdcc_open_images_dataset/images/9a86010931b34073.jpg,Chicken
validation,gs://bdcc_open_images_dataset/images/4fe00e1e912e1542.jpg,Chicken
validation,gs://bdcc_open_images_dataset/images/6ef87829f5302fad.jpg,Chicken
validation,gs://bdcc_open_images_dataset/images/a179d76b3b21ad20.jpg,Chicken
validation,gs://bdcc_open_images_dataset/images/0f8a38312499d209.jpg,Chicken
validation,gs://bdcc_open_images_dataset/images/eeee909587ad3889.jpg,Chicken
validation,gs://bdcc_open_images_dataset/images/9ace2b1e0af4cad0.jpg,Chicken
validation,gs://bdcc_open_images_dataset/images/6359ceb7d02391bb.jpg,Chicken
validation,gs://bdcc_open_images_dataset/images/9f14bda053a11f7e.jpg,Chicken
validation,gs://bdcc_open_images_dataset/images/97c5baf58da390c9.jpg,Chicken
test,gs://bdcc_open_images_dataset/images/f77cb9608197b6b3.jpg,Chicken
test,gs://bdcc_open_images_dataset/images/0913fbf6fa5c190e.jpg,Chicken
test,gs://bdcc_open_images_dataset/images/3f5b10dc58c13ac7.jpg,Chicken
test,gs://bdcc_open_images_dataset/images/6b7db5139f6ef182.jpg,Chicken
test,gs://bdcc_open_images_dataset/images/acf2033ef487bb23.jpg,Chicken
test,gs://bdcc_open_images_dataset/images/883fcc7051511816.jpg,Chicken
test,gs://bdcc_open_images_dataset/images/fecaaafd703e59c4.jpg,Chicken
test,gs://bdcc_open_images_dataset/images/e21b4fdbfb556c97.jpg,Chicken
test,gs://bdcc_open_images_dataset/images/83be44c1f66a028b.jpg,Chicken
test,gs://bdcc_open_images_dataset/images/3b38e29d10ececd2.jpg,Chicken
training,gs://bdcc_open_images_dataset/images/6d020f6b434599d4.jpg,Dolphin
training,gs://bdcc_open_images_dataset/images/4ba44d4387e4f46b.jpg,Dolphin
training,gs://bdcc_open_images_dataset/images/a1957e384b44cef2.jpg,Dolphin
training,gs://bdcc_open_images_dataset/images/819010bf356c37f1.jpg,Dolphin
training,gs://bdcc_open_images_dataset/images/728956690e61f021.jpg,Dolphin
training,gs://bdcc_open_images_dataset/images/3bd48717215419ec.jpg,Dolphin
training,gs://bdcc_open_images_dataset/images/912d43a7e4c654b7.jpg,Dolphin
training,gs://bdcc_open_images_dataset/images/06b9450194965cca.jpg,Dolphin
training,gs://bdcc_open_images_dataset/images/73cca9b08d365b73.jpg,Dolphin
training,gs://bdcc_open_images_dataset/images/a1acafb01f227f9f.jpg,Dolphin
training,gs://bdcc_open_images_dataset/images/c523862a4e73aa37.jpg,Dolphin
training,gs://bdcc_open_images_dataset/images/527ad3a698efc900.jpg,Dolphin
training,gs://bdcc_open_images_dataset/images/2fb76faecb6ea676.jpg,Dolphin
training,gs://bdcc_open_images_dataset/images/9e5de39ea23bafa3.jpg,Dolphin
training,gs://bdcc_open_images_dataset/images/dbe3f23811c87f6e.jpg,Dolphin
training,gs://bdcc_open_images_dataset/images/65a7ecdaa1567898.jpg,Dolphin
training,gs://bdcc_open_images_dataset/images/7df8eb0e1b7d24eb.jpg,Dolphin
training,gs://bdcc_open_images_dataset/images/b2eb574fd753f816.jpg,Dolphin
training,gs://bdcc_open_images_dataset/images/df072c62f7779fe1.jpg,Dolphin
training,gs://bdcc_open_images_dataset/images/47e6d609a4753015.jpg,Dolphin
training,gs://bdcc_open_images_dataset/images/bde2a4bf940ea960.jpg,Dolphin
training,gs://bdcc_open_images_dataset/images/a474a53f9fa01977.jpg,Dolphin
training,gs://bdcc_open_images_dataset/images/44995ea5c83cf695.jpg,Dolphin
training,gs://bdcc_open_images_dataset/images/e20b75f574082373.jpg,Dolphin
training,gs://bdcc_open_images_dataset/images/d138f6c230800b80.jpg,Dolphin
training,gs://bdcc_open_images_dataset/images/c994ee4af75924e1.jpg,Dolphin
training,gs://bdcc_open_images_dataset/images/2a487daf85d5687a.jpg,Dolphin
training,gs://bdcc_open_images_dataset/images/738118280d0b0c7c.jpg,Dolphin
training,gs://bdcc_open_images_dataset/images/b39230ad2fffb33b.jpg,Dolphin
training,gs://bdcc_open_images_dataset/images/6f201ede0ce2741c.jpg,Dolphin
training,gs://bdcc_open_images_dataset/images/bffa835454c4ee70.jpg,Dolphin
training,gs://bdcc_open_images_dataset/images/83893137e7c88adc.jpg,Dolphin
training,gs://bdcc_open_images_dataset/images/e57f0f0af6bb714e.jpg,Dolphin
training,gs://bdcc_open_images_dataset/images/def978e2abd4f32d.jpg,Dolphin
training,gs://bdcc_open_images_dataset/images/f970ad178894a624.jpg,Dolphin
training,gs://bdcc_open_images_dataset/images/9b6e2eca9e71d3d8.jpg,Dolphin
training,gs://bdcc_open_images_dataset/images/c5840a29fab0da09.jpg,Dolphin
training,gs://bdcc_open_images_dataset/images/7f8c4daded1d9129.jpg,Dolphin
training,gs://bdcc_open_images_dataset/images/fc46032e5a3942c4.jpg,Dolphin
training,gs://bdcc_open_images_dataset/images/f2fd0fe58f633f23.jpg,Dolphin
training,gs://bdcc_open_images_dataset/images/1be6c0c872aa4191.jpg,Dolphin
training,gs://bdcc_open_images_dataset/images/81a3738443c4e3b5.jpg,Dolphin
training,gs://bdcc_open_images_dataset/images/cc57834152dc2110.jpg,Dolphin
training,gs://bdcc_open_images_dataset/images/026dfb42b3a71793.jpg,Dolphin
training,gs://bdcc_open_images_dataset/images/06b1e4c454935ed7.jpg,Dolphin
training,gs://bdcc_open_images_dataset/images/c1ce9d8b2b7f0574.jpg,Dolphin
training,gs://bdcc_open_images_dataset/images/01428a59062b02bf.jpg,Dolphin
training,gs://bdcc_open_images_dataset/images/e2d2036572a3db2a.jpg,Dolphin
training,gs://bdcc_open_images_dataset/images/25b7d7c1d20a854d.jpg,Dolphin
training,gs://bdcc_open_images_dataset/images/83c67c5cb2fbc9d4.jpg,Dolphin
training,gs://bdcc_open_images_dataset/images/55606d57a54c5637.jpg,Dolphin
training,gs://bdcc_open_images_dataset/images/ff7de4c6525019a7.jpg,Dolphin
training,gs://bdcc_open_images_dataset/images/7806724900be90a8.jpg,Dolphin
training,gs://bdcc_open_images_dataset/images/157d702110fd578b.jpg,Dolphin
training,gs://bdcc_open_images_dataset/images/f4655d9153752b1e.jpg,Dolphin
training,gs://bdcc_open_images_dataset/images/3b2099a80db8b0b1.jpg,Dolphin
training,gs://bdcc_open_images_dataset/images/ce50477d3f6d51f7.jpg,Dolphin
training,gs://bdcc_open_images_dataset/images/a124b34a2bf2d35f.jpg,Dolphin
training,gs://bdcc_open_images_dataset/images/31b01e721ca30d9f.jpg,Dolphin
training,gs://bdcc_open_images_dataset/images/7e757562cd4c36d9.jpg,Dolphin
training,gs://bdcc_open_images_dataset/images/716f87f891a1940c.jpg,Dolphin
training,gs://bdcc_open_images_dataset/images/0692f618f3a374d3.jpg,Dolphin
training,gs://bdcc_open_images_dataset/images/12d8f4ecc0028623.jpg,Dolphin
training,gs://bdcc_open_images_dataset/images/1b96c22c8d8e417f.jpg,Dolphin
training,gs://bdcc_open_images_dataset/images/59c1d2bd208a9cae.jpg,Dolphin
training,gs://bdcc_open_images_dataset/images/b05c218de2ddc5ec.jpg,Dolphin
training,gs://bdcc_open_images_dataset/images/4e4bb7f64c416e71.jpg,Dolphin
training,gs://bdcc_open_images_dataset/images/a74a85c4c3ab312b.jpg,Dolphin
training,gs://bdcc_open_images_dataset/images/4e4de777b444fc2c.jpg,Dolphin
training,gs://bdcc_open_images_dataset/images/0b643406bb5c02ce.jpg,Dolphin
training,gs://bdcc_open_images_dataset/images/1b0dffe793c8d02b.jpg,Dolphin
training,gs://bdcc_open_images_dataset/images/fb0dc1fe7e9bbeff.jpg,Dolphin
training,gs://bdcc_open_images_dataset/images/cc610b2ac584ad3b.jpg,Dolphin
training,gs://bdcc_open_images_dataset/images/7d29357e57113f81.jpg,Dolphin
training,gs://bdcc_open_images_dataset/images/088b20314f409999.jpg,Dolphin
training,gs://bdcc_open_images_dataset/images/5f0b691f73d28888.jpg,Dolphin
training,gs://bdcc_open_images_dataset/images/58722a25d3577974.jpg,Dolphin
training,gs://bdcc_open_images_dataset/images/6a22f838ac210fe6.jpg,Dolphin
training,gs://bdcc_open_images_dataset/images/2cb51268007c8b8b.jpg,Dolphin
training,gs://bdcc_open_images_dataset/images/77ac41cc9d52ae48.jpg,Dolphin
validation,gs://bdcc_open_images_dataset/images/a83f96e6a35124c7.jpg,Dolphin
validation,gs://bdcc_open_images_dataset/images/471c379b70c9fe5b.jpg,Dolphin
validation,gs://bdcc_open_images_dataset/images/9ab368a89c2651f8.jpg,Dolphin
validation,gs://bdcc_open_images_dataset/images/4643baa781dfcd40.jpg,Dolphin
validation,gs://bdcc_open_images_dataset/images/db3b66c083cfafd6.jpg,Dolphin
validation,gs://bdcc_open_images_dataset/images/f83c72631752766a.jpg,Dolphin
validation,gs://bdcc_open_images_dataset/images/1e4a4039416d8e33.jpg,Dolphin
validation,gs://bdcc_open_images_dataset/images/ed1a3410c67c4b45.jpg,Dolphin
validation,gs://bdcc_open_images_dataset/images/7a08d8553f786556.jpg,Dolphin
validation,gs://bdcc_open_images_dataset/images/14d50708c856e29a.jpg,Dolphin
test,gs://bdcc_open_images_dataset/images/51df1b51a062b34e.jpg,Dolphin
test,gs://bdcc_open_images_dataset/images/520e896611f2cd1b.jpg,Dolphin
test,gs://bdcc_open_images_dataset/images/118817759c139789.jpg,Dolphin
test,gs://bdcc_open_images_dataset/images/b50ffbc72603a092.jpg,Dolphin
test,gs://bdcc_open_images_dataset/images/03b129104ca0830b.jpg,Dolphin
test,gs://bdcc_open_images_dataset/images/821acfa1489eb792.jpg,Dolphin
test,gs://bdcc_open_images_dataset/images/14e64718257fc25c.jpg,Dolphin
test,gs://bdcc_open_images_dataset/images/553676d80de9d0d2.jpg,Dolphin
test,gs://bdcc_open_images_dataset/images/2bbfa3cdf51dc0a4.jpg,Dolphin
test,gs://bdcc_open_images_dataset/images/a2abfd1d0d29eae9.jpg,Dolphin
training,gs://bdcc_open_images_dataset/images/bfdb4c1235db8a5f.jpg,Duck
training,gs://bdcc_open_images_dataset/images/90878cabafcac286.jpg,Duck
training,gs://bdcc_open_images_dataset/images/302cd87f9ddb2bfb.jpg,Duck
training,gs://bdcc_open_images_dataset/images/086cd2c05b9b7b3f.jpg,Duck
training,gs://bdcc_open_images_dataset/images/88b37f42153f6502.jpg,Duck
training,gs://bdcc_open_images_dataset/images/fb0283edd5853a3f.jpg,Duck
training,gs://bdcc_open_images_dataset/images/884821b7de7e5689.jpg,Duck
training,gs://bdcc_open_images_dataset/images/b92d8d2b014f17b3.jpg,Duck
training,gs://bdcc_open_images_dataset/images/ab56f23fa316ad56.jpg,Duck
training,gs://bdcc_open_images_dataset/images/a37bba5c343a7130.jpg,Duck
training,gs://bdcc_open_images_dataset/images/d883ca6326d3378d.jpg,Duck
training,gs://bdcc_open_images_dataset/images/b8a9500929a6684d.jpg,Duck
training,gs://bdcc_open_images_dataset/images/87559a2e31b32414.jpg,Duck
training,gs://bdcc_open_images_dataset/images/3921bad9d5648af5.jpg,Duck
training,gs://bdcc_open_images_dataset/images/c7c1d30ff5faafd5.jpg,Duck
training,gs://bdcc_open_images_dataset/images/22c17fb1411ee176.jpg,Duck
training,gs://bdcc_open_images_dataset/images/21086afedd53661f.jpg,Duck
training,gs://bdcc_open_images_dataset/images/895dbfa06f80d04b.jpg,Duck
training,gs://bdcc_open_images_dataset/images/3c4887add4bff7f2.jpg,Duck
training,gs://bdcc_open_images_dataset/images/051d7ef8b9480b4f.jpg,Duck
training,gs://bdcc_open_images_dataset/images/175d58a18a0bd278.jpg,Duck
training,gs://bdcc_open_images_dataset/images/d050dffdc469bca9.jpg,Duck
training,gs://bdcc_open_images_dataset/images/a3f5f241eb13a719.jpg,Duck
training,gs://bdcc_open_images_dataset/images/3ed17afe543150c4.jpg,Duck
training,gs://bdcc_open_images_dataset/images/7a967482945e86a7.jpg,Duck
training,gs://bdcc_open_images_dataset/images/92a29bc71975c107.jpg,Duck
training,gs://bdcc_open_images_dataset/images/300b0b370a01c498.jpg,Duck
training,gs://bdcc_open_images_dataset/images/e8fbe13cc8504f51.jpg,Duck
training,gs://bdcc_open_images_dataset/images/22f324973b904ee9.jpg,Duck
training,gs://bdcc_open_images_dataset/images/9f4544581d94428a.jpg,Duck
training,gs://bdcc_open_images_dataset/images/17b1cab83303d41f.jpg,Duck
training,gs://bdcc_open_images_dataset/images/db90093df70d6f23.jpg,Duck
training,gs://bdcc_open_images_dataset/images/4530f437df660afe.jpg,Duck
training,gs://bdcc_open_images_dataset/images/e368a8bf50073f05.jpg,Duck
training,gs://bdcc_open_images_dataset/images/9a73f97e15db5e5c.jpg,Duck
training,gs://bdcc_open_images_dataset/images/5dc124ea2258c040.jpg,Duck
training,gs://bdcc_open_images_dataset/images/636ee293fee7640d.jpg,Duck
training,gs://bdcc_open_images_dataset/images/c662af303b7c0bdd.jpg,Duck
training,gs://bdcc_open_images_dataset/images/d85c7990b664f30a.jpg,Duck
training,gs://bdcc_open_images_dataset/images/94c17f37bfd0d234.jpg,Duck
training,gs://bdcc_open_images_dataset/images/c69870bff1ca1586.jpg,Duck
training,gs://bdcc_open_images_dataset/images/7846c34dc0564b10.jpg,Duck
training,gs://bdcc_open_images_dataset/images/cb1ac94d5fc1a8a4.jpg,Duck
training,gs://bdcc_open_images_dataset/images/c4c62ab195511736.jpg,Duck
training,gs://bdcc_open_images_dataset/images/7b33023972cfcd17.jpg,Duck
training,gs://bdcc_open_images_dataset/images/3eaf885ee61c3999.jpg,Duck
training,gs://bdcc_open_images_dataset/images/80a7d9f11e4cb8d1.jpg,Duck
training,gs://bdcc_open_images_dataset/images/4de1246fab9f9431.jpg,Duck
training,gs://bdcc_open_images_dataset/images/5ee61ba00cc30490.jpg,Duck
training,gs://bdcc_open_images_dataset/images/11126aa5d8c1021a.jpg,Duck
training,gs://bdcc_open_images_dataset/images/2b2ebcdecca94de1.jpg,Duck
training,gs://bdcc_open_images_dataset/images/10894df53c0511c5.jpg,Duck
training,gs://bdcc_open_images_dataset/images/989a9e23660a2f26.jpg,Duck
training,gs://bdcc_open_images_dataset/images/94a95f2659ae940b.jpg,Duck
training,gs://bdcc_open_images_dataset/images/2d5dc410c4d5f31a.jpg,Duck
training,gs://bdcc_open_images_dataset/images/aedd047db5cd0f28.jpg,Duck
training,gs://bdcc_open_images_dataset/images/39024566929f84ec.jpg,Duck
training,gs://bdcc_open_images_dataset/images/bf64103539066082.jpg,Duck
training,gs://bdcc_open_images_dataset/images/7893d77d259811aa.jpg,Duck
training,gs://bdcc_open_images_dataset/images/601fdcc21ca78907.jpg,Duck
training,gs://bdcc_open_images_dataset/images/def69e1b4c9f6788.jpg,Duck
training,gs://bdcc_open_images_dataset/images/61cb107fdf8f63e0.jpg,Duck
training,gs://bdcc_open_images_dataset/images/f6fc103cfb43f199.jpg,Duck
training,gs://bdcc_open_images_dataset/images/14d3556c1249439d.jpg,Duck
training,gs://bdcc_open_images_dataset/images/2d04149c7868f90f.jpg,Duck
training,gs://bdcc_open_images_dataset/images/fe76d6920e0939d6.jpg,Duck
training,gs://bdcc_open_images_dataset/images/64e48b07e9a2add5.jpg,Duck
training,gs://bdcc_open_images_dataset/images/8605276bc8175e01.jpg,Duck
training,gs://bdcc_open_images_dataset/images/49770a400ec6c9c9.jpg,Duck
training,gs://bdcc_open_images_dataset/images/d30458b710a524c7.jpg,Duck
training,gs://bdcc_open_images_dataset/images/119d707a575b7721.jpg,Duck
training,gs://bdcc_open_images_dataset/images/d5e88c84f58b9a82.jpg,Duck
training,gs://bdcc_open_images_dataset/images/48ada8cf040515e3.jpg,Duck
training,gs://bdcc_open_images_dataset/images/fc5ffa3c44d8b203.jpg,Duck
training,gs://bdcc_open_images_dataset/images/327236c0ef04c7f0.jpg,Duck
training,gs://bdcc_open_images_dataset/images/9b937440dcea91aa.jpg,Duck
training,gs://bdcc_open_images_dataset/images/50ec57d519ab7490.jpg,Duck
training,gs://bdcc_open_images_dataset/images/ae6629049526febf.jpg,Duck
training,gs://bdcc_open_images_dataset/images/899e72fcf9028410.jpg,Duck
training,gs://bdcc_open_images_dataset/images/4217c9322b9285e3.jpg,Duck
validation,gs://bdcc_open_images_dataset/images/e6f42985d808d61b.jpg,Duck
validation,gs://bdcc_open_images_dataset/images/11520a5f881bfead.jpg,Duck
validation,gs://bdcc_open_images_dataset/images/be8173d112c28ad1.jpg,Duck
validation,gs://bdcc_open_images_dataset/images/f26e479d2a5b34dc.jpg,Duck
validation,gs://bdcc_open_images_dataset/images/01211d4bbc161694.jpg,Duck
validation,gs://bdcc_open_images_dataset/images/a292025d2530ca80.jpg,Duck
validation,gs://bdcc_open_images_dataset/images/3d142c1a416848ef.jpg,Duck
validation,gs://bdcc_open_images_dataset/images/05684a325a320136.jpg,Duck
validation,gs://bdcc_open_images_dataset/images/eb1b1ae30dfe0859.jpg,Duck
validation,gs://bdcc_open_images_dataset/images/77342c4f2ac0f91b.jpg,Duck
test,gs://bdcc_open_images_dataset/images/dcd499071075c286.jpg,Duck
test,gs://bdcc_open_images_dataset/images/1c3a9c074c042ba6.jpg,Duck
test,gs://bdcc_open_images_dataset/images/0555911ee31d049f.jpg,Duck
test,gs://bdcc_open_images_dataset/images/d6de0e9b86220c54.jpg,Duck
test,gs://bdcc_open_images_dataset/images/f63dc26e2861bcef.jpg,Duck
test,gs://bdcc_open_images_dataset/images/12354d7c2e6dcf4b.jpg,Duck
test,gs://bdcc_open_images_dataset/images/f101ba980889a4c9.jpg,Duck
test,gs://bdcc_open_images_dataset/images/b033c93c8e24e4f3.jpg,Duck
test,gs://bdcc_open_images_dataset/images/b044581094b24173.jpg,Duck
test,gs://bdcc_open_images_dataset/images/e622d2cf834e64dd.jpg,Duck
training,gs://bdcc_open_images_dataset/images/429e01a097ea160e.jpg,Elephant
training,gs://bdcc_open_images_dataset/images/69de41b9cc964a92.jpg,Elephant
training,gs://bdcc_open_images_dataset/images/d113491afc0707a2.jpg,Elephant
training,gs://bdcc_open_images_dataset/images/905cb6df9ac5bf41.jpg,Elephant
training,gs://bdcc_open_images_dataset/images/31b52c86729ff8a3.jpg,Elephant
training,gs://bdcc_open_images_dataset/images/e02464b97f3282a1.jpg,Elephant
training,gs://bdcc_open_images_dataset/images/ce5fcff35f33116b.jpg,Elephant
training,gs://bdcc_open_images_dataset/images/dd719b5eed21fe35.jpg,Elephant
training,gs://bdcc_open_images_dataset/images/b3799e672adf8928.jpg,Elephant
training,gs://bdcc_open_images_dataset/images/38bb2af3d81205f1.jpg,Elephant
training,gs://bdcc_open_images_dataset/images/98d42ba37350c51e.jpg,Elephant
training,gs://bdcc_open_images_dataset/images/49fcc0bfec890d22.jpg,Elephant
training,gs://bdcc_open_images_dataset/images/f52114700356643a.jpg,Elephant
training,gs://bdcc_open_images_dataset/images/d7bce8835d442c36.jpg,Elephant
training,gs://bdcc_open_images_dataset/images/9b6ec0f67f99eb2c.jpg,Elephant
training,gs://bdcc_open_images_dataset/images/7bfe2237538a063a.jpg,Elephant
training,gs://bdcc_open_images_dataset/images/92f012936a46b51d.jpg,Elephant
training,gs://bdcc_open_images_dataset/images/2b3dcc603147288c.jpg,Elephant
training,gs://bdcc_open_images_dataset/images/73c353df30c9a185.jpg,Elephant
training,gs://bdcc_open_images_dataset/images/a4084b3f46c7e790.jpg,Elephant
training,gs://bdcc_open_images_dataset/images/462aa20e35f9252d.jpg,Elephant
training,gs://bdcc_open_images_dataset/images/71fe776a5473c860.jpg,Elephant
training,gs://bdcc_open_images_dataset/images/0ba8f4463ed0513f.jpg,Elephant
training,gs://bdcc_open_images_dataset/images/968def31982b0798.jpg,Elephant
training,gs://bdcc_open_images_dataset/images/961a753bd0d976b1.jpg,Elephant
training,gs://bdcc_open_images_dataset/images/78b6d0562748a3c0.jpg,Elephant
training,gs://bdcc_open_images_dataset/images/9e6299774c62316d.jpg,Elephant
training,gs://bdcc_open_images_dataset/images/f9cb481c8a7ff802.jpg,Elephant
training,gs://bdcc_open_images_dataset/images/c06b91a7e28208aa.jpg,Elephant
training,gs://bdcc_open_images_dataset/images/bbd09925042090fe.jpg,Elephant
training,gs://bdcc_open_images_dataset/images/5c1534078c45813e.jpg,Elephant
training,gs://bdcc_open_images_dataset/images/9478d99da3126df4.jpg,Elephant
training,gs://bdcc_open_images_dataset/images/b1708bd114f0e80c.jpg,Elephant
training,gs://bdcc_open_images_dataset/images/8f126f141ccb051b.jpg,Elephant
training,gs://bdcc_open_images_dataset/images/defbe1b220910bd0.jpg,Elephant
training,gs://bdcc_open_images_dataset/images/4b3198714b8bd03b.jpg,Elephant
training,gs://bdcc_open_images_dataset/images/dfb066fe241bc54f.jpg,Elephant
training,gs://bdcc_open_images_dataset/images/4e14987369a6a233.jpg,Elephant
training,gs://bdcc_open_images_dataset/images/3d9dd014d65e70b6.jpg,Elephant
training,gs://bdcc_open_images_dataset/images/441b7d097fffdba2.jpg,Elephant
training,gs://bdcc_open_images_dataset/images/49799a729ab52a80.jpg,Elephant
training,gs://bdcc_open_images_dataset/images/1ed11c2b3d750688.jpg,Elephant
training,gs://bdcc_open_images_dataset/images/028f8db193a85ecf.jpg,Elephant
training,gs://bdcc_open_images_dataset/images/e7c8f2fe8ceddef4.jpg,Elephant
training,gs://bdcc_open_images_dataset/images/d5ca18c342392cff.jpg,Elephant
training,gs://bdcc_open_images_dataset/images/c085428bbd91f863.jpg,Elephant
training,gs://bdcc_open_images_dataset/images/81bf5ea035310aab.jpg,Elephant
training,gs://bdcc_open_images_dataset/images/bfcaa08a0bfdd508.jpg,Elephant
training,gs://bdcc_open_images_dataset/images/64bd7a94c2eca158.jpg,Elephant
training,gs://bdcc_open_images_dataset/images/86d527a1738e992e.jpg,Elephant
training,gs://bdcc_open_images_dataset/images/aab012db6fec7e33.jpg,Elephant
training,gs://bdcc_open_images_dataset/images/0524c4ca40fecfde.jpg,Elephant
training,gs://bdcc_open_images_dataset/images/b800108c92cf9113.jpg,Elephant
training,gs://bdcc_open_images_dataset/images/17621b23780f904b.jpg,Elephant
training,gs://bdcc_open_images_dataset/images/cb9450c604053b71.jpg,Elephant
training,gs://bdcc_open_images_dataset/images/46061500da0506fa.jpg,Elephant
training,gs://bdcc_open_images_dataset/images/a9080685b5a3182e.jpg,Elephant
training,gs://bdcc_open_images_dataset/images/8a15cc91f6524ed9.jpg,Elephant
training,gs://bdcc_open_images_dataset/images/a443fe7d88715b1d.jpg,Elephant
training,gs://bdcc_open_images_dataset/images/948e9cf73ad6f81a.jpg,Elephant
training,gs://bdcc_open_images_dataset/images/c0bf1bfcb6f2a848.jpg,Elephant
training,gs://bdcc_open_images_dataset/images/cf88e3898d775892.jpg,Elephant
training,gs://bdcc_open_images_dataset/images/d64d4a6cd777f0a0.jpg,Elephant
training,gs://bdcc_open_images_dataset/images/93781d97b8079d5c.jpg,Elephant
training,gs://bdcc_open_images_dataset/images/aacdf1fb4f6be637.jpg,Elephant
training,gs://bdcc_open_images_dataset/images/d63222e39f0eea97.jpg,Elephant
training,gs://bdcc_open_images_dataset/images/de8f56295c8d1553.jpg,Elephant
training,gs://bdcc_open_images_dataset/images/deb9c6214265ddad.jpg,Elephant
training,gs://bdcc_open_images_dataset/images/fb443d1acfb44539.jpg,Elephant
training,gs://bdcc_open_images_dataset/images/a4317b7a60f21c7c.jpg,Elephant
training,gs://bdcc_open_images_dataset/images/907f09c8ba5077ea.jpg,Elephant
training,gs://bdcc_open_images_dataset/images/c00916b8cdd7eff5.jpg,Elephant
training,gs://bdcc_open_images_dataset/images/0d01927ad866d3e3.jpg,Elephant
training,gs://bdcc_open_images_dataset/images/1a676e236a83f4ec.jpg,Elephant
training,gs://bdcc_open_images_dataset/images/b2765c8fdff4fe4b.jpg,Elephant
training,gs://bdcc_open_images_dataset/images/888adad3e55ecd62.jpg,Elephant
training,gs://bdcc_open_images_dataset/images/f45544793dac3d4c.jpg,Elephant
training,gs://bdcc_open_images_dataset/images/723fe874c7d37011.jpg,Elephant
training,gs://bdcc_open_images_dataset/images/7f3a9e4ad59b5586.jpg,Elephant
training,gs://bdcc_open_images_dataset/images/2f8779835fd245af.jpg,Elephant
validation,gs://bdcc_open_images_dataset/images/ed3ebf3858f412e4.jpg,Elephant
validation,gs://bdcc_open_images_dataset/images/fa23763ee720df40.jpg,Elephant
validation,gs://bdcc_open_images_dataset/images/d9fa517b20e3d328.jpg,Elephant
validation,gs://bdcc_open_images_dataset/images/5d302522846d3802.jpg,Elephant
validation,gs://bdcc_open_images_dataset/images/c0903de35772c5f7.jpg,Elephant
validation,gs://bdcc_open_images_dataset/images/edfdcbd0d6216c2e.jpg,Elephant
validation,gs://bdcc_open_images_dataset/images/72d914acac313ab8.jpg,Elephant
validation,gs://bdcc_open_images_dataset/images/60be10669f28cd3a.jpg,Elephant
validation,gs://bdcc_open_images_dataset/images/e29a75bf7ef197b0.jpg,Elephant
validation,gs://bdcc_open_images_dataset/images/ee5a6c48cf7a0c69.jpg,Elephant
test,gs://bdcc_open_images_dataset/images/23b0adda16f66209.jpg,Elephant
test,gs://bdcc_open_images_dataset/images/d041128e65a79222.jpg,Elephant
test,gs://bdcc_open_images_dataset/images/9b6011d8d445882a.jpg,Elephant
test,gs://bdcc_open_images_dataset/images/1de68e44f26155a7.jpg,Elephant
test,gs://bdcc_open_images_dataset/images/69c23bb8225eaad0.jpg,Elephant
test,gs://bdcc_open_images_dataset/images/844b93dcf0cd2fab.jpg,Elephant
test,gs://bdcc_open_images_dataset/images/dfc490f02bd3ccb5.jpg,Elephant
test,gs://bdcc_open_images_dataset/images/8884e174970e832a.jpg,Elephant
test,gs://bdcc_open_images_dataset/images/0cf749b33136692b.jpg,Elephant
test,gs://bdcc_open_images_dataset/images/901f2b6e5ef7aa02.jpg,Elephant
training,gs://bdcc_open_images_dataset/images/62c12e4a1f8e1563.jpg,Frog
training,gs://bdcc_open_images_dataset/images/b0eb8dd44461cfb3.jpg,Frog
training,gs://bdcc_open_images_dataset/images/b10e2c47b9390803.jpg,Frog
training,gs://bdcc_open_images_dataset/images/563a44e667e19513.jpg,Frog
training,gs://bdcc_open_images_dataset/images/d3b32f59a27ea125.jpg,Frog
training,gs://bdcc_open_images_dataset/images/18e1eb2d2d2e1042.jpg,Frog
training,gs://bdcc_open_images_dataset/images/878bb252666780c9.jpg,Frog
training,gs://bdcc_open_images_dataset/images/442ee8876ca0e52d.jpg,Frog
training,gs://bdcc_open_images_dataset/images/c525f1fe33ff57d8.jpg,Frog
training,gs://bdcc_open_images_dataset/images/c551feeaf2c8d2e7.jpg,Frog
training,gs://bdcc_open_images_dataset/images/89a22691325e3844.jpg,Frog
training,gs://bdcc_open_images_dataset/images/499abaaef6cca9e1.jpg,Frog
training,gs://bdcc_open_images_dataset/images/682b99230ab505da.jpg,Frog
training,gs://bdcc_open_images_dataset/images/99b72743171f67b0.jpg,Frog
training,gs://bdcc_open_images_dataset/images/2c16c400530f7d9d.jpg,Frog
training,gs://bdcc_open_images_dataset/images/2803c774c44240e1.jpg,Frog
training,gs://bdcc_open_images_dataset/images/e6823fbc3a6d7bb4.jpg,Frog
training,gs://bdcc_open_images_dataset/images/a53f0be08dcf7c2e.jpg,Frog
training,gs://bdcc_open_images_dataset/images/8b3b919617b4dde0.jpg,Frog
training,gs://bdcc_open_images_dataset/images/5dc7d04e6613c8af.jpg,Frog
training,gs://bdcc_open_images_dataset/images/71d0af112571e863.jpg,Frog
training,gs://bdcc_open_images_dataset/images/6f9f7a78fb3929ea.jpg,Frog
training,gs://bdcc_open_images_dataset/images/793e85046a71cc26.jpg,Frog
training,gs://bdcc_open_images_dataset/images/ac464f71861ad184.jpg,Frog
training,gs://bdcc_open_images_dataset/images/5fdde4228b7a967f.jpg,Frog
training,gs://bdcc_open_images_dataset/images/8dcdc0050b117e45.jpg,Frog
training,gs://bdcc_open_images_dataset/images/13aeb288197e4a73.jpg,Frog
training,gs://bdcc_open_images_dataset/images/6a844cb211cbaa11.jpg,Frog
training,gs://bdcc_open_images_dataset/images/da58fc36de10ef17.jpg,Frog
training,gs://bdcc_open_images_dataset/images/97938af7603882bc.jpg,Frog
training,gs://bdcc_open_images_dataset/images/426c0b7250ba6dcc.jpg,Frog
training,gs://bdcc_open_images_dataset/images/658f6f982fe22507.jpg,Frog
training,gs://bdcc_open_images_dataset/images/527767ec6b17ae59.jpg,Frog
training,gs://bdcc_open_images_dataset/images/d5cb6c4f02f31ae1.jpg,Frog
training,gs://bdcc_open_images_dataset/images/e53c3aa744d8c794.jpg,Frog
training,gs://bdcc_open_images_dataset/images/73991e5c3c0899e1.jpg,Frog
training,gs://bdcc_open_images_dataset/images/51d067cee1e0021e.jpg,Frog
training,gs://bdcc_open_images_dataset/images/eb91379f8d417b8a.jpg,Frog
training,gs://bdcc_open_images_dataset/images/4dfad9aed4f6de37.jpg,Frog
training,gs://bdcc_open_images_dataset/images/85222b78a1f07313.jpg,Frog
training,gs://bdcc_open_images_dataset/images/c261abbd320cf62f.jpg,Frog
training,gs://bdcc_open_images_dataset/images/7ec0ba8f81558849.jpg,Frog
training,gs://bdcc_open_images_dataset/images/89ec27527cea7bde.jpg,Frog
training,gs://bdcc_open_images_dataset/images/8d89361ddf3df1ec.jpg,Frog
training,gs://bdcc_open_images_dataset/images/8a0b97b02f66c787.jpg,Frog
training,gs://bdcc_open_images_dataset/images/7808cefe7ede300e.jpg,Frog
training,gs://bdcc_open_images_dataset/images/43b6243cd8211888.jpg,Frog
training,gs://bdcc_open_images_dataset/images/0c87c5394666da7b.jpg,Frog
training,gs://bdcc_open_images_dataset/images/b585f9e1e751bac2.jpg,Frog
training,gs://bdcc_open_images_dataset/images/31dc42b5a5ce770f.jpg,Frog
training,gs://bdcc_open_images_dataset/images/6a174537746145b1.jpg,Frog
training,gs://bdcc_open_images_dataset/images/c364a977eed0077b.jpg,Frog
training,gs://bdcc_open_images_dataset/images/aa3bd8835b59fedd.jpg,Frog
training,gs://bdcc_open_images_dataset/images/9e9dd35570e321b7.jpg,Frog
training,gs://bdcc_open_images_dataset/images/f24d5d39d6b4a85e.jpg,Frog
training,gs://bdcc_open_images_dataset/images/7d7ac7a1bcd34bf5.jpg,Frog
training,gs://bdcc_open_images_dataset/images/2fc3055389510dbc.jpg,Frog
training,gs://bdcc_open_images_dataset/images/260e2dfef5ba4729.jpg,Frog
training,gs://bdcc_open_images_dataset/images/a45181310cbf12b9.jpg,Frog
training,gs://bdcc_open_images_dataset/images/4eca5b7910d69107.jpg,Frog
training,gs://bdcc_open_images_dataset/images/7d7bec14a1c3547d.jpg,Frog
training,gs://bdcc_open_images_dataset/images/b57f9c0b288c5b34.jpg,Frog
training,gs://bdcc_open_images_dataset/images/5af7b12cb1e77ea7.jpg,Frog
training,gs://bdcc_open_images_dataset/images/9619c89b4410bb7d.jpg,Frog
training,gs://bdcc_open_images_dataset/images/39282867ccd9e81d.jpg,Frog
training,gs://bdcc_open_images_dataset/images/b506ac2b3b97cd36.jpg,Frog
training,gs://bdcc_open_images_dataset/images/074e1392f782bcf5.jpg,Frog
training,gs://bdcc_open_images_dataset/images/6afb86ab35db5fe8.jpg,Frog
training,gs://bdcc_open_images_dataset/images/14067077e695b7d5.jpg,Frog
training,gs://bdcc_open_images_dataset/images/3e37be4a9dc3f7fd.jpg,Frog
training,gs://bdcc_open_images_dataset/images/3c8254187041e3f0.jpg,Frog
training,gs://bdcc_open_images_dataset/images/d862414bd34866d5.jpg,Frog
training,gs://bdcc_open_images_dataset/images/3ed6a764cf948a4c.jpg,Frog
training,gs://bdcc_open_images_dataset/images/36fe92e9ea45cf4f.jpg,Frog
training,gs://bdcc_open_images_dataset/images/bdfbf438d315ec7d.jpg,Frog
training,gs://bdcc_open_images_dataset/images/89800db4810e4b94.jpg,Frog
training,gs://bdcc_open_images_dataset/images/b2a1f8f09f5d085e.jpg,Frog
training,gs://bdcc_open_images_dataset/images/03d9913e461d3837.jpg,Frog
training,gs://bdcc_open_images_dataset/images/a32856dd4f826da1.jpg,Frog
training,gs://bdcc_open_images_dataset/images/44e8e2cc400050a9.jpg,Frog
validation,gs://bdcc_open_images_dataset/images/b9a5cc3f8af6a90c.jpg,Frog
validation,gs://bdcc_open_images_dataset/images/85dd9b7fc8977bd4.jpg,Frog
validation,gs://bdcc_open_images_dataset/images/43ae2b3a6f329a30.jpg,Frog
validation,gs://bdcc_open_images_dataset/images/a6cf1aa5468ad917.jpg,Frog
validation,gs://bdcc_open_images_dataset/images/b3e266559f8b4f9f.jpg,Frog
validation,gs://bdcc_open_images_dataset/images/933d0fc3fb54f448.jpg,Frog
validation,gs://bdcc_open_images_dataset/images/3e409846beff7683.jpg,Frog
validation,gs://bdcc_open_images_dataset/images/35642dfb12a5e8a7.jpg,Frog
validation,gs://bdcc_open_images_dataset/images/9502661eb1fc8059.jpg,Frog
validation,gs://bdcc_open_images_dataset/images/4ee536c0a6e3931f.jpg,Frog
test,gs://bdcc_open_images_dataset/images/eecb6428aecc59b6.jpg,Frog
test,gs://bdcc_open_images_dataset/images/3028d17ebbade99d.jpg,Frog
test,gs://bdcc_open_images_dataset/images/feb926dd9e92ae8a.jpg,Frog
test,gs://bdcc_open_images_dataset/images/2b001e038ff09b8c.jpg,Frog
test,gs://bdcc_open_images_dataset/images/e5a22c4df3354964.jpg,Frog
test,gs://bdcc_open_images_dataset/images/afcd6be9a498418c.jpg,Frog
test,gs://bdcc_open_images_dataset/images/9199f023d3662bad.jpg,Frog
test,gs://bdcc_open_images_dataset/images/b24d37dea2b8b7c6.jpg,Frog
test,gs://bdcc_open_images_dataset/images/6020e81bcb40ad33.jpg,Frog
test,gs://bdcc_open_images_dataset/images/955266a87e9bf217.jpg,Frog
training,gs://bdcc_open_images_dataset/images/d84394ff2a5e91f7.jpg,Lion
training,gs://bdcc_open_images_dataset/images/c24ae0da6b36db2b.jpg,Lion
training,gs://bdcc_open_images_dataset/images/9ae0c85363987e2f.jpg,Lion
training,gs://bdcc_open_images_dataset/images/bd571b4371556fcc.jpg,Lion
training,gs://bdcc_open_images_dataset/images/450f18ba8939e75d.jpg,Lion
training,gs://bdcc_open_images_dataset/images/9eb8c00476b11c89.jpg,Lion
training,gs://bdcc_open_images_dataset/images/06e9b526a94fb4ef.jpg,Lion
training,gs://bdcc_open_images_dataset/images/0fb728cd2b86cb10.jpg,Lion
training,gs://bdcc_open_images_dataset/images/2fc33f14c91f74d7.jpg,Lion
training,gs://bdcc_open_images_dataset/images/865488de23ab9603.jpg,Lion
training,gs://bdcc_open_images_dataset/images/9ef53bb6be338cc6.jpg,Lion
training,gs://bdcc_open_images_dataset/images/d030fac2d777096d.jpg,Lion
training,gs://bdcc_open_images_dataset/images/7890df47b3257865.jpg,Lion
training,gs://bdcc_open_images_dataset/images/a9b100339d015330.jpg,Lion
training,gs://bdcc_open_images_dataset/images/60e04142fe14fa8d.jpg,Lion
training,gs://bdcc_open_images_dataset/images/da7899bdbce7ddaa.jpg,Lion
training,gs://bdcc_open_images_dataset/images/697918b27c87dafb.jpg,Lion
training,gs://bdcc_open_images_dataset/images/573ca1d8f41e1307.jpg,Lion
training,gs://bdcc_open_images_dataset/images/a34d708f38bd9e9d.jpg,Lion
training,gs://bdcc_open_images_dataset/images/bd18d41af969b93f.jpg,Lion
training,gs://bdcc_open_images_dataset/images/7d2fa667bc6a1d22.jpg,Lion
training,gs://bdcc_open_images_dataset/images/701c911cea93ce43.jpg,Lion
training,gs://bdcc_open_images_dataset/images/e1a409e586816608.jpg,Lion
training,gs://bdcc_open_images_dataset/images/77e57925ee37175a.jpg,Lion
training,gs://bdcc_open_images_dataset/images/21dfe5721a39e647.jpg,Lion
training,gs://bdcc_open_images_dataset/images/8ef80eccf3b849ec.jpg,Lion
training,gs://bdcc_open_images_dataset/images/07143d7419d29618.jpg,Lion
training,gs://bdcc_open_images_dataset/images/e3675b7c2c057b11.jpg,Lion
training,gs://bdcc_open_images_dataset/images/340e75ee847d9fd3.jpg,Lion
training,gs://bdcc_open_images_dataset/images/3452ab13dfd7cd45.jpg,Lion
training,gs://bdcc_open_images_dataset/images/2759665ea086956a.jpg,Lion
training,gs://bdcc_open_images_dataset/images/4d51b08a4f17a99e.jpg,Lion
training,gs://bdcc_open_images_dataset/images/30fad0268a3f6904.jpg,Lion
training,gs://bdcc_open_images_dataset/images/b12e88cb93dbf233.jpg,Lion
training,gs://bdcc_open_images_dataset/images/5069d2a610a2081c.jpg,Lion
training,gs://bdcc_open_images_dataset/images/6392bc2e9e0bbcb3.jpg,Lion
training,gs://bdcc_open_images_dataset/images/be77eecbe69e033e.jpg,Lion
training,gs://bdcc_open_images_dataset/images/2714b054d4e7d4ed.jpg,Lion
training,gs://bdcc_open_images_dataset/images/a6c716e30eefa99e.jpg,Lion
training,gs://bdcc_open_images_dataset/images/2618ee6f2c570a14.jpg,Lion
training,gs://bdcc_open_images_dataset/images/b599de15942b666f.jpg,Lion
training,gs://bdcc_open_images_dataset/images/f960ed9faebc8ffa.jpg,Lion
training,gs://bdcc_open_images_dataset/images/7fbdfa7a631ab80a.jpg,Lion
training,gs://bdcc_open_images_dataset/images/29910133de9c9f32.jpg,Lion
training,gs://bdcc_open_images_dataset/images/a5eb59065da8f83a.jpg,Lion
training,gs://bdcc_open_images_dataset/images/8db3fc5215a9c843.jpg,Lion
training,gs://bdcc_open_images_dataset/images/c933b4bc2f3093ce.jpg,Lion
training,gs://bdcc_open_images_dataset/images/7b8c61750337f348.jpg,Lion
training,gs://bdcc_open_images_dataset/images/2e7636f4a945129e.jpg,Lion
training,gs://bdcc_open_images_dataset/images/9c9f2ddd776ff540.jpg,Lion
training,gs://bdcc_open_images_dataset/images/eb68206b9abf2c9d.jpg,Lion
training,gs://bdcc_open_images_dataset/images/f91abb11d7102ec1.jpg,Lion
training,gs://bdcc_open_images_dataset/images/9b4b421bd3eaf87e.jpg,Lion
training,gs://bdcc_open_images_dataset/images/e356146c5ac57de5.jpg,Lion
training,gs://bdcc_open_images_dataset/images/c70bd9e034fa88ca.jpg,Lion
training,gs://bdcc_open_images_dataset/images/719d511b89435268.jpg,Lion
training,gs://bdcc_open_images_dataset/images/a7bd1c948a850e4a.jpg,Lion
training,gs://bdcc_open_images_dataset/images/54eb04cc46cf8d07.jpg,Lion
training,gs://bdcc_open_images_dataset/images/c6a952ecead9a40f.jpg,Lion
training,gs://bdcc_open_images_dataset/images/14dba23948cf4ecd.jpg,Lion
training,gs://bdcc_open_images_dataset/images/ed69d84a8b2cf6a3.jpg,Lion
training,gs://bdcc_open_images_dataset/images/2f2c0984cb427e81.jpg,Lion
training,gs://bdcc_open_images_dataset/images/fdd2bfdad22bb65e.jpg,Lion
training,gs://bdcc_open_images_dataset/images/cdef383a3c34ae8c.jpg,Lion
training,gs://bdcc_open_images_dataset/images/9cfa15aa64581945.jpg,Lion
training,gs://bdcc_open_images_dataset/images/61f9e2ac8b438a2f.jpg,Lion
training,gs://bdcc_open_images_dataset/images/5a903ce8f3f67a64.jpg,Lion
training,gs://bdcc_open_images_dataset/images/c03a1028729a8395.jpg,Lion
training,gs://bdcc_open_images_dataset/images/463bfa82e03e540a.jpg,Lion
training,gs://bdcc_open_images_dataset/images/03b9630d0ba5749d.jpg,Lion
training,gs://bdcc_open_images_dataset/images/fa34e353d3d221d5.jpg,Lion
training,gs://bdcc_open_images_dataset/images/8518685e18c575cb.jpg,Lion
training,gs://bdcc_open_images_dataset/images/8e4ca713322023fb.jpg,Lion
training,gs://bdcc_open_images_dataset/images/3bb7558c430c06de.jpg,Lion
training,gs://bdcc_open_images_dataset/images/f700eefef47341de.jpg,Lion
training,gs://bdcc_open_images_dataset/images/3259ead2f4e02ba2.jpg,Lion
training,gs://bdcc_open_images_dataset/images/fbcc052b0bef4381.jpg,Lion
training,gs://bdcc_open_images_dataset/images/86615394c4e091b4.jpg,Lion
training,gs://bdcc_open_images_dataset/images/84b473491eee4048.jpg,Lion
training,gs://bdcc_open_images_dataset/images/51b1d473e22baa22.jpg,Lion
validation,gs://bdcc_open_images_dataset/images/57370d36110080f6.jpg,Lion
validation,gs://bdcc_open_images_dataset/images/03bacd7be83b721e.jpg,Lion
validation,gs://bdcc_open_images_dataset/images/73e2ddabd76d5ed5.jpg,Lion
validation,gs://bdcc_open_images_dataset/images/b431c3e8cdc7f00a.jpg,Lion
validation,gs://bdcc_open_images_dataset/images/1ebb36368847d8c9.jpg,Lion
validation,gs://bdcc_open_images_dataset/images/5ad1a018b9509933.jpg,Lion
validation,gs://bdcc_open_images_dataset/images/fc54a20fe216d3b2.jpg,Lion
validation,gs://bdcc_open_images_dataset/images/ff3fa7fc7d279894.jpg,Lion
validation,gs://bdcc_open_images_dataset/images/84ed8a69d32f711a.jpg,Lion
validation,gs://bdcc_open_images_dataset/images/9eddca00ad17d67d.jpg,Lion
test,gs://bdcc_open_images_dataset/images/4b356e74c4f14ef8.jpg,Lion
test,gs://bdcc_open_images_dataset/images/0abe5e4f09bc1262.jpg,Lion
test,gs://bdcc_open_images_dataset/images/e26732c32a8d0a7c.jpg,Lion
test,gs://bdcc_open_images_dataset/images/576349a03b599011.jpg,Lion
test,gs://bdcc_open_images_dataset/images/37968c5f1b3ac4fa.jpg,Lion
test,gs://bdcc_open_images_dataset/images/bc86fce68bd0b4de.jpg,Lion
test,gs://bdcc_open_images_dataset/images/ae75658062c0bb2a.jpg,Lion
test,gs://bdcc_open_images_dataset/images/63eea08ae3c49842.jpg,Lion
test,gs://bdcc_open_images_dataset/images/af5d142d8c892bd8.jpg,Lion
test,gs://bdcc_open_images_dataset/images/dcecd69dde722d89.jpg,Lion
training,gs://bdcc_open_images_dataset/images/01ae716bfbe9be25.jpg,Monkey
training,gs://bdcc_open_images_dataset/images/a90bdae0a3d3543f.jpg,Monkey
training,gs://bdcc_open_images_dataset/images/bbd2d048af251756.jpg,Monkey
training,gs://bdcc_open_images_dataset/images/6396213e7276ea97.jpg,Monkey
training,gs://bdcc_open_images_dataset/images/ea9a41942fe45f02.jpg,Monkey
training,gs://bdcc_open_images_dataset/images/8cd6d7648c6c5686.jpg,Monkey
training,gs://bdcc_open_images_dataset/images/2e2e178a00d28380.jpg,Monkey
training,gs://bdcc_open_images_dataset/images/780b499b71632be0.jpg,Monkey
training,gs://bdcc_open_images_dataset/images/e3bf96d6c9c33a15.jpg,Monkey
training,gs://bdcc_open_images_dataset/images/9a030ca2b452385f.jpg,Monkey
training,gs://bdcc_open_images_dataset/images/a85a6e0b67a9ea28.jpg,Monkey
training,gs://bdcc_open_images_dataset/images/7de846b24c302ca5.jpg,Monkey
training,gs://bdcc_open_images_dataset/images/72bf88a5cac6ad13.jpg,Monkey
training,gs://bdcc_open_images_dataset/images/2b93bd8480b8b115.jpg,Monkey
training,gs://bdcc_open_images_dataset/images/c6de9015fa2c1c64.jpg,Monkey
training,gs://bdcc_open_images_dataset/images/be92214edbcdea12.jpg,Monkey
training,gs://bdcc_open_images_dataset/images/1c9ac82ca48c66c7.jpg,Monkey
training,gs://bdcc_open_images_dataset/images/a137927c5c2ce257.jpg,Monkey
training,gs://bdcc_open_images_dataset/images/dbf2d73794c384d9.jpg,Monkey
training,gs://bdcc_open_images_dataset/images/db65f7600cfb99e2.jpg,Monkey
training,gs://bdcc_open_images_dataset/images/a6950839a6f14380.jpg,Monkey
training,gs://bdcc_open_images_dataset/images/60998ea0301b13bb.jpg,Monkey
training,gs://bdcc_open_images_dataset/images/031396ef6ec7e530.jpg,Monkey
training,gs://bdcc_open_images_dataset/images/3f48392fd9048623.jpg,Monkey
training,gs://bdcc_open_images_dataset/images/5605e5ce1fb0c913.jpg,Monkey
training,gs://bdcc_open_images_dataset/images/b1e292c2b5709d5a.jpg,Monkey
training,gs://bdcc_open_images_dataset/images/08b9da5b3b359a46.jpg,Monkey
training,gs://bdcc_open_images_dataset/images/152d29ded20fdb17.jpg,Monkey
training,gs://bdcc_open_images_dataset/images/ef1bac6445c1b818.jpg,Monkey
training,gs://bdcc_open_images_dataset/images/22be35dedbff1d85.jpg,Monkey
training,gs://bdcc_open_images_dataset/images/f5445402746047d3.jpg,Monkey
training,gs://bdcc_open_images_dataset/images/e71a85008ba1fb9c.jpg,Monkey
training,gs://bdcc_open_images_dataset/images/64b03272db6cb86e.jpg,Monkey
training,gs://bdcc_open_images_dataset/images/f1b7d6cc0c4fa054.jpg,Monkey
training,gs://bdcc_open_images_dataset/images/53d7046e0fca9e40.jpg,Monkey
training,gs://bdcc_open_images_dataset/images/b836e3664115e728.jpg,Monkey
training,gs://bdcc_open_images_dataset/images/d91f3f80715df3ae.jpg,Monkey
training,gs://bdcc_open_images_dataset/images/08d76f2a788d813a.jpg,Monkey
training,gs://bdcc_open_images_dataset/images/083fc354bbc3dfb1.jpg,Monkey
training,gs://bdcc_open_images_dataset/images/8f02d0ca9f04bcf3.jpg,Monkey
training,gs://bdcc_open_images_dataset/images/60ea1234f5b08996.jpg,Monkey
training,gs://bdcc_open_images_dataset/images/1d30e66d44487220.jpg,Monkey
training,gs://bdcc_open_images_dataset/images/afc19a4f621f7834.jpg,Monkey
training,gs://bdcc_open_images_dataset/images/20c8135485c060ee.jpg,Monkey
training,gs://bdcc_open_images_dataset/images/f4d2b55ca8e09227.jpg,Monkey
training,gs://bdcc_open_images_dataset/images/9b48b4f11d16f327.jpg,Monkey
training,gs://bdcc_open_images_dataset/images/05c578dba13cbd27.jpg,Monkey
training,gs://bdcc_open_images_dataset/images/1dfe513b4f76bc11.jpg,Monkey
training,gs://bdcc_open_images_dataset/images/711fe668f06f3ae2.jpg,Monkey
training,gs://bdcc_open_images_dataset/images/481cc6885e90372d.jpg,Monkey
training,gs://bdcc_open_images_dataset/images/1c602d3445ab60a7.jpg,Monkey
training,gs://bdcc_open_images_dataset/images/b55cc840633ecd2b.jpg,Monkey
training,gs://bdcc_open_images_dataset/images/1ef95ff742c28434.jpg,Monkey
training,gs://bdcc_open_images_dataset/images/4f201685b3fad0df.jpg,Monkey
training,gs://bdcc_open_images_dataset/images/c4959dc7241e0e84.jpg,Monkey
training,gs://bdcc_open_images_dataset/images/b8b066ef57f4dfaa.jpg,Monkey
training,gs://bdcc_open_images_dataset/images/68e07785c0066c98.jpg,Monkey
training,gs://bdcc_open_images_dataset/images/c6640b0c5f20f927.jpg,Monkey
training,gs://bdcc_open_images_dataset/images/896732543b2d0224.jpg,Monkey
training,gs://bdcc_open_images_dataset/images/5fa93b20ea1a04b6.jpg,Monkey
training,gs://bdcc_open_images_dataset/images/c28a70df4b881b6f.jpg,Monkey
training,gs://bdcc_open_images_dataset/images/74563583796dcea3.jpg,Monkey
training,gs://bdcc_open_images_dataset/images/ea07bb63bd309605.jpg,Monkey
training,gs://bdcc_open_images_dataset/images/1843d43d2c9578c8.jpg,Monkey
training,gs://bdcc_open_images_dataset/images/ddb6bcd045d166c7.jpg,Monkey
training,gs://bdcc_open_images_dataset/images/862962120df5cf25.jpg,Monkey
training,gs://bdcc_open_images_dataset/images/2dae65f6a2ea1463.jpg,Monkey
training,gs://bdcc_open_images_dataset/images/9e8bb6e9b37d9954.jpg,Monkey
training,gs://bdcc_open_images_dataset/images/b164db256be642d1.jpg,Monkey
training,gs://bdcc_open_images_dataset/images/26bd582242244352.jpg,Monkey
training,gs://bdcc_open_images_dataset/images/f47c104cccd3f6a2.jpg,Monkey
training,gs://bdcc_open_images_dataset/images/5efc40345e3e1bca.jpg,Monkey
training,gs://bdcc_open_images_dataset/images/bd52dafa671ece10.jpg,Monkey
training,gs://bdcc_open_images_dataset/images/c800657b4dddb31f.jpg,Monkey
training,gs://bdcc_open_images_dataset/images/da739a0ae3b556d7.jpg,Monkey
training,gs://bdcc_open_images_dataset/images/e4616a487148ccba.jpg,Monkey
training,gs://bdcc_open_images_dataset/images/09fe1b842cb12ae3.jpg,Monkey
training,gs://bdcc_open_images_dataset/images/3adf74f2c69d1731.jpg,Monkey
training,gs://bdcc_open_images_dataset/images/167c96258210796f.jpg,Monkey
training,gs://bdcc_open_images_dataset/images/0f7f6f7a037eba2e.jpg,Monkey
validation,gs://bdcc_open_images_dataset/images/756cb25056699243.jpg,Monkey
validation,gs://bdcc_open_images_dataset/images/205c607159fa4d7a.jpg,Monkey
validation,gs://bdcc_open_images_dataset/images/2a1c6851b7d4872e.jpg,Monkey
validation,gs://bdcc_open_images_dataset/images/18441d5f2aea554c.jpg,Monkey
validation,gs://bdcc_open_images_dataset/images/fb4235d38616e39a.jpg,Monkey
validation,gs://bdcc_open_images_dataset/images/4789f87b83682504.jpg,Monkey
validation,gs://bdcc_open_images_dataset/images/3b20a8e0be1284b5.jpg,Monkey
validation,gs://bdcc_open_images_dataset/images/333e085bbc4692f5.jpg,Monkey
validation,gs://bdcc_open_images_dataset/images/f9c1b87156c7f0cf.jpg,Monkey
validation,gs://bdcc_open_images_dataset/images/a380fe8bc45c02a0.jpg,Monkey
test,gs://bdcc_open_images_dataset/images/c272cff711565a0f.jpg,Monkey
test,gs://bdcc_open_images_dataset/images/18ac5e9bfbe752d7.jpg,Monkey
test,gs://bdcc_open_images_dataset/images/4e107350fd519e16.jpg,Monkey
test,gs://bdcc_open_images_dataset/images/f6f8217a7cbbf983.jpg,Monkey
test,gs://bdcc_open_images_dataset/images/0e43f9803b11b988.jpg,Monkey
test,gs://bdcc_open_images_dataset/images/3edb52d4c3cdbbac.jpg,Monkey
test,gs://bdcc_open_images_dataset/images/11d7c8b82164c918.jpg,Monkey
test,gs://bdcc_open_images_dataset/images/41e07bd3461214b4.jpg,Monkey
test,gs://bdcc_open_images_dataset/images/562afdb1f141af72.jpg,Monkey
test,gs://bdcc_open_images_dataset/images/c63fcbbfd31bd369.jpg,Monkey
training,gs://bdcc_open_images_dataset/images/2701129825152338.jpg,Tortoise
training,gs://bdcc_open_images_dataset/images/0ca327615c66417a.jpg,Tortoise
training,gs://bdcc_open_images_dataset/images/b90cc43d6e3ae59c.jpg,Tortoise
training,gs://bdcc_open_images_dataset/images/b6f36e48e4102836.jpg,Tortoise
training,gs://bdcc_open_images_dataset/images/05373b7f9363f1b5.jpg,Tortoise
training,gs://bdcc_open_images_dataset/images/d7a1651287bd6ee5.jpg,Tortoise
training,gs://bdcc_open_images_dataset/images/061bad48d5f83750.jpg,Tortoise
training,gs://bdcc_open_images_dataset/images/c334c9859f917977.jpg,Tortoise
training,gs://bdcc_open_images_dataset/images/07690af13c93ea1b.jpg,Tortoise
training,gs://bdcc_open_images_dataset/images/4e7413310dbb65e8.jpg,Tortoise
training,gs://bdcc_open_images_dataset/images/1845503f52d15d0e.jpg,Tortoise
training,gs://bdcc_open_images_dataset/images/ea7f42d750ede91a.jpg,Tortoise
training,gs://bdcc_open_images_dataset/images/babb0d938365c3cb.jpg,Tortoise
training,gs://bdcc_open_images_dataset/images/e56e87babc887c21.jpg,Tortoise
training,gs://bdcc_open_images_dataset/images/4574354235354df0.jpg,Tortoise
training,gs://bdcc_open_images_dataset/images/1ac6dffa6bbf5ac8.jpg,Tortoise
training,gs://bdcc_open_images_dataset/images/023b4802f26b54e6.jpg,Tortoise
training,gs://bdcc_open_images_dataset/images/3e7b8ebd2dcbba32.jpg,Tortoise
training,gs://bdcc_open_images_dataset/images/90af77bbb962fa13.jpg,Tortoise
training,gs://bdcc_open_images_dataset/images/cf1f83331aa6470b.jpg,Tortoise
training,gs://bdcc_open_images_dataset/images/574c680e0b62ef73.jpg,Tortoise
training,gs://bdcc_open_images_dataset/images/8cab5af42d9e53c2.jpg,Tortoise
training,gs://bdcc_open_images_dataset/images/cdc61a32e8093805.jpg,Tortoise
training,gs://bdcc_open_images_dataset/images/f2c22610fb56fa45.jpg,Tortoise
training,gs://bdcc_open_images_dataset/images/e1de712fec387198.jpg,Tortoise
training,gs://bdcc_open_images_dataset/images/87b167f4de654590.jpg,Tortoise
training,gs://bdcc_open_images_dataset/images/300a91fb6cde1f90.jpg,Tortoise
training,gs://bdcc_open_images_dataset/images/bb9fd540074d99ca.jpg,Tortoise
training,gs://bdcc_open_images_dataset/images/c23ec3700a08d29d.jpg,Tortoise
training,gs://bdcc_open_images_dataset/images/e79e71038d1c3eb6.jpg,Tortoise
training,gs://bdcc_open_images_dataset/images/2d7ca617d8860a6e.jpg,Tortoise
training,gs://bdcc_open_images_dataset/images/d4892e3042bb780c.jpg,Tortoise
training,gs://bdcc_open_images_dataset/images/4e0cf9e57e681369.jpg,Tortoise
training,gs://bdcc_open_images_dataset/images/e96aa3c7016635dd.jpg,Tortoise
training,gs://bdcc_open_images_dataset/images/4048beae0d70f01c.jpg,Tortoise
training,gs://bdcc_open_images_dataset/images/1c3fb627b483bbca.jpg,Tortoise
training,gs://bdcc_open_images_dataset/images/23fd5c05c5526b8d.jpg,Tortoise
training,gs://bdcc_open_images_dataset/images/322d48bf0f94377b.jpg,Tortoise
training,gs://bdcc_open_images_dataset/images/bf9295218c84d5d8.jpg,Tortoise
training,gs://bdcc_open_images_dataset/images/96eb7428175f15bc.jpg,Tortoise
training,gs://bdcc_open_images_dataset/images/598a73478e07f04f.jpg,Tortoise
training,gs://bdcc_open_images_dataset/images/2de09cb6766d8689.jpg,Tortoise
training,gs://bdcc_open_images_dataset/images/27079d5db92df94f.jpg,Tortoise
training,gs://bdcc_open_images_dataset/images/efc193fb59f5db28.jpg,Tortoise
training,gs://bdcc_open_images_dataset/images/46d84b01c4b9e5e3.jpg,Tortoise
training,gs://bdcc_open_images_dataset/images/c4f8230f04656836.jpg,Tortoise
training,gs://bdcc_open_images_dataset/images/37f6e51254189445.jpg,Tortoise
training,gs://bdcc_open_images_dataset/images/34c18f5d25bc0786.jpg,Tortoise
training,gs://bdcc_open_images_dataset/images/4424e95b7e8562a6.jpg,Tortoise
training,gs://bdcc_open_images_dataset/images/5fd1b4b3e4d7120e.jpg,Tortoise
training,gs://bdcc_open_images_dataset/images/efcf9d468c874242.jpg,Tortoise
training,gs://bdcc_open_images_dataset/images/121d637baba5b79d.jpg,Tortoise
training,gs://bdcc_open_images_dataset/images/2550e69ef474a1d9.jpg,Tortoise
training,gs://bdcc_open_images_dataset/images/e553d43dd96f27c3.jpg,Tortoise
training,gs://bdcc_open_images_dataset/images/f722b9b789bd5b88.jpg,Tortoise
training,gs://bdcc_open_images_dataset/images/e5e725adf8121084.jpg,Tortoise
training,gs://bdcc_open_images_dataset/images/b2615a3fc6a7a55c.jpg,Tortoise
training,gs://bdcc_open_images_dataset/images/6517c0d6be2c55f5.jpg,Tortoise
training,gs://bdcc_open_images_dataset/images/50701bdc0b1c8ef8.jpg,Tortoise
training,gs://bdcc_open_images_dataset/images/bec049b2ef40dec3.jpg,Tortoise
training,gs://bdcc_open_images_dataset/images/e1e32e4e179eb314.jpg,Tortoise
training,gs://bdcc_open_images_dataset/images/4690cb7c18e54162.jpg,Tortoise
training,gs://bdcc_open_images_dataset/images/40ec2e634aba9fe2.jpg,Tortoise
training,gs://bdcc_open_images_dataset/images/6ee903844af63636.jpg,Tortoise
training,gs://bdcc_open_images_dataset/images/684a0b4a1d33ea4f.jpg,Tortoise
training,gs://bdcc_open_images_dataset/images/a4fed3aad2f5c21c.jpg,Tortoise
training,gs://bdcc_open_images_dataset/images/bb12190829813b21.jpg,Tortoise
training,gs://bdcc_open_images_dataset/images/30c010d41baa8b82.jpg,Tortoise
training,gs://bdcc_open_images_dataset/images/3263956dac0887fb.jpg,Tortoise
training,gs://bdcc_open_images_dataset/images/7c497ec55db32d75.jpg,Tortoise
training,gs://bdcc_open_images_dataset/images/e228cb9a25eb6630.jpg,Tortoise
training,gs://bdcc_open_images_dataset/images/7c206269c04fee21.jpg,Tortoise
training,gs://bdcc_open_images_dataset/images/bc6c8e2bd6c42fb8.jpg,Tortoise
training,gs://bdcc_open_images_dataset/images/ac369d270c2e5e6a.jpg,Tortoise
training,gs://bdcc_open_images_dataset/images/709cbb7f252ccb10.jpg,Tortoise
training,gs://bdcc_open_images_dataset/images/6a3444bb2712d559.jpg,Tortoise
training,gs://bdcc_open_images_dataset/images/5c6e6b896b16a3ec.jpg,Tortoise
training,gs://bdcc_open_images_dataset/images/8a26433d5ae72012.jpg,Tortoise
training,gs://bdcc_open_images_dataset/images/1c5f5849eac79adb.jpg,Tortoise
training,gs://bdcc_open_images_dataset/images/ec93ae62111d58f5.jpg,Tortoise
validation,gs://bdcc_open_images_dataset/images/749badd8e5d3fe66.jpg,Tortoise
validation,gs://bdcc_open_images_dataset/images/cb30ce098383a7ee.jpg,Tortoise
validation,gs://bdcc_open_images_dataset/images/bdbca8a02ab5c3ea.jpg,Tortoise
validation,gs://bdcc_open_images_dataset/images/24f79ac6857cd1e5.jpg,Tortoise
validation,gs://bdcc_open_images_dataset/images/a4ec3bbb4ecae6ee.jpg,Tortoise
validation,gs://bdcc_open_images_dataset/images/2bdc778c76c0682c.jpg,Tortoise
validation,gs://bdcc_open_images_dataset/images/d9d4e60e85ae3ed8.jpg,Tortoise
validation,gs://bdcc_open_images_dataset/images/75feed139d8eb491.jpg,Tortoise
validation,gs://bdcc_open_images_dataset/images/78047699f81ad701.jpg,Tortoise
validation,gs://bdcc_open_images_dataset/images/4046867ab743e20b.jpg,Tortoise
test,gs://bdcc_open_images_dataset/images/7a0cfeffa49c51b6.jpg,Tortoise
test,gs://bdcc_open_images_dataset/images/d1ac1ffbdcaef5a6.jpg,Tortoise
test,gs://bdcc_open_images_dataset/images/13a597a295ca95a7.jpg,Tortoise
test,gs://bdcc_open_images_dataset/images/f6327b9957b48cc0.jpg,Tortoise
test,gs://bdcc_open_images_dataset/images/ec2ea2f3eddb5cf7.jpg,Tortoise
test,gs://bdcc_open_images_dataset/images/238adf8f7c8c2216.jpg,Tortoise
test,gs://bdcc_open_images_dataset/images/bfe686055e0462b1.jpg,Tortoise
test,gs://bdcc_open_images_dataset/images/71e2ead66fe9de8d.jpg,Tortoise
test,gs://bdcc_open_images_dataset/images/6f8986f62013f937.jpg,Tortoise
test,gs://bdcc_open_images_dataset/images/26855e03917f661d.jpg,Tortoise
